sampleId	participant_id	MIC	run_accession	sample_accession	Experiment	Sample	SampleName	LibraryName	source_column	source_value	source_asv_column
sub-MIC015	sub-MIC015	MIC015	SRR25474132	SAMN36771222	SRX21206465	SRS18463942	MIC015	MIC015	SampleName	MIC015	SRR25474132
sub-MIC105	sub-MIC105	MIC105	SRR25474133	SAMN36771300	SRX21206464	SRS18463941	MIC105	MIC105	SampleName	MIC105	SRR25474133
sub-MIC104	sub-MIC104	MIC104	SRR25474134	SAMN36771299	SRX21206463	SRS18463939	MIC104	MIC104	SampleName	MIC104	SRR25474134
sub-MIC103	sub-MIC103	MIC103	SRR25474135	SAMN36771298	SRX21206462	SRS18463940	MIC103	MIC103	SampleName	MIC103	SRR25474135
sub-MIC102	sub-MIC102	MIC102	SRR25474136	SAMN36771297	SRX21206461	SRS18463938	MIC102	MIC102	SampleName	MIC102	SRR25474136
sub-MIC101	sub-MIC101	MIC101	SRR25474137	SAMN36771296	SRX21206460	SRS18463936	MIC101	MIC101	SampleName	MIC101	SRR25474137
sub-MIC100	sub-MIC100	MIC100	SRR25474138	SAMN36771295	SRX21206459	SRS18463937	MIC100	MIC100	SampleName	MIC100	SRR25474138
sub-MIC099	sub-MIC099	MIC099	SRR25474139	SAMN36771294	SRX21206458	SRS18463934	MIC099	MIC099	SampleName	MIC099	SRR25474139
sub-MIC098	sub-MIC098	MIC098	SRR25474140	SAMN36771293	SRX21206457	SRS18463935	MIC098	MIC098	SampleName	MIC098	SRR25474140
sub-MIC014	sub-MIC014	MIC014	SRR25474141	SAMN36771221	SRX21206456	SRS18463933	MIC014	MIC014	SampleName	MIC014	SRR25474141
sub-MIC097	sub-MIC097	MIC097	SRR25474142	SAMN36771292	SRX21206455	SRS18463932	MIC097	MIC097	SampleName	MIC097	SRR25474142
sub-MIC096	sub-MIC096	MIC096	SRR25474143	SAMN36771291	SRX21206454	SRS18463931	MIC096	MIC096	SampleName	MIC096	SRR25474143
sub-MIC095	sub-MIC095	MIC095	SRR25474144	SAMN36771290	SRX21206453	SRS18463930	MIC095	MIC095	SampleName	MIC095	SRR25474144
sub-MIC094	sub-MIC094	MIC094	SRR25474145	SAMN36771289	SRX21206452	SRS18463929	MIC094	MIC094	SampleName	MIC094	SRR25474145
sub-MIC093	sub-MIC093	MIC093	SRR25474146	SAMN36771288	SRX21206451	SRS18463928	MIC093	MIC093	SampleName	MIC093	SRR25474146
sub-MIC092	sub-MIC092	MIC092	SRR25474147	SAMN36771287	SRX21206450	SRS18463927	MIC092	MIC092	SampleName	MIC092	SRR25474147
sub-MIC091	sub-MIC091	MIC091	SRR25474148	SAMN36771286	SRX21206449	SRS18463926	MIC091	MIC091	SampleName	MIC091	SRR25474148
sub-MIC090	sub-MIC090	MIC090	SRR25474149	SAMN36771285	SRX21206448	SRS18463925	MIC090	MIC090	SampleName	MIC090	SRR25474149
sub-MIC088	sub-MIC088	MIC088	SRR25474150	SAMN36771284	SRX21206447	SRS18463924	MIC088	MIC088	SampleName	MIC088	SRR25474150
sub-MIC087	sub-MIC087	MIC087	SRR25474151	SAMN36771283	SRX21206446	SRS18463923	MIC087	MIC087	SampleName	MIC087	SRR25474151
sub-MIC013	sub-MIC013	MIC013	SRR25474152	SAMN36771220	SRX21206445	SRS18463921	MIC013	MIC013	SampleName	MIC013	SRR25474152
sub-MIC085	sub-MIC085	MIC085	SRR25474153	SAMN36771282	SRX21206444	SRS18463922	MIC085	MIC085	SampleName	MIC085	SRR25474153
sub-MIC084	sub-MIC084	MIC084	SRR25474154	SAMN36771281	SRX21206443	SRS18463920	MIC084	MIC084	SampleName	MIC084	SRR25474154
sub-MIC083	sub-MIC083	MIC083	SRR25474155	SAMN36771280	SRX21206442	SRS18463917	MIC083	MIC083	SampleName	MIC083	SRR25474155
sub-MIC082	sub-MIC082	MIC082	SRR25474156	SAMN36771279	SRX21206441	SRS18463919	MIC082	MIC082	SampleName	MIC082	SRR25474156
sub-MIC081	sub-MIC081	MIC081	SRR25474157	SAMN36771278	SRX21206440	SRS18463918	MIC081	MIC081	SampleName	MIC081	SRR25474157
sub-MIC080	sub-MIC080	MIC080	SRR25474158	SAMN36771277	SRX21206439	SRS18463915	MIC080	MIC080	SampleName	MIC080	SRR25474158
sub-MIC079	sub-MIC079	MIC079	SRR25474159	SAMN36771276	SRX21206438	SRS18463916	MIC079	MIC079	SampleName	MIC079	SRR25474159
sub-MIC078	sub-MIC078	MIC078	SRR25474160	SAMN36771275	SRX21206437	SRS18463914	MIC078	MIC078	SampleName	MIC078	SRR25474160
sub-MIC077	sub-MIC077	MIC077	SRR25474161	SAMN36771274	SRX21206436	SRS18463913	MIC077	MIC077	SampleName	MIC077	SRR25474161
sub-MIC076	sub-MIC076	MIC076	SRR25474162	SAMN36771273	SRX21206435	SRS18463912	MIC076	MIC076	SampleName	MIC076	SRR25474162
sub-MIC012	sub-MIC012	MIC012	SRR25474163	SAMN36771219	SRX21206434	SRS18463911	MIC012	MIC012	SampleName	MIC012	SRR25474163
sub-MIC073	sub-MIC073	MIC073	SRR25474164	SAMN36771272	SRX21206433	SRS18463910	MIC073	MIC073	SampleName	MIC073	SRR25474164
sub-MIC072	sub-MIC072	MIC072	SRR25474165	SAMN36771271	SRX21206432	SRS18463908	MIC072	MIC072	SampleName	MIC072	SRR25474165
sub-MIC071	sub-MIC071	MIC071	SRR25474166	SAMN36771270	SRX21206431	SRS18463909	MIC071	MIC071	SampleName	MIC071	SRR25474166
sub-MIC070	sub-MIC070	MIC070	SRR25474167	SAMN36771269	SRX21206430	SRS18463907	MIC070	MIC070	SampleName	MIC070	SRR25474167
sub-MIC069	sub-MIC069	MIC069	SRR25474168	SAMN36771268	SRX21206429	SRS18463906	MIC069	MIC069	SampleName	MIC069	SRR25474168
sub-MIC068	sub-MIC068	MIC068	SRR25474169	SAMN36771267	SRX21206428	SRS18463905	MIC068	MIC068	SampleName	MIC068	SRR25474169
sub-MIC065	sub-MIC065	MIC065	SRR25474170	SAMN36771266	SRX21206427	SRS18463904	MIC065	MIC065	SampleName	MIC065	SRR25474170
sub-MIC064	sub-MIC064	MIC064	SRR25474171	SAMN36771265	SRX21206426	SRS18463901	MIC064	MIC064	SampleName	MIC064	SRR25474171
sub-MIC063	sub-MIC063	MIC063	SRR25474172	SAMN36771264	SRX21206425	SRS18463903	MIC063	MIC063	SampleName	MIC063	SRR25474172
sub-MIC061	sub-MIC061	MIC061	SRR25474173	SAMN36771263	SRX21206424	SRS18463902	MIC061	MIC061	SampleName	MIC061	SRR25474173
sub-MIC010	sub-MIC010	MIC010	SRR25474174	SAMN36771218	SRX21206423	SRS18463900	MIC010	MIC010	SampleName	MIC010	SRR25474174
sub-MIC060	sub-MIC060	MIC060	SRR25474175	SAMN36771262	SRX21206422	SRS18463899	MIC060	MIC060	SampleName	MIC060	SRR25474175
sub-MIC059	sub-MIC059	MIC059	SRR25474176	SAMN36771261	SRX21206421	SRS18463897	MIC059	MIC059	SampleName	MIC059	SRR25474176
sub-MIC057	sub-MIC057	MIC057	SRR25474177	SAMN36771260	SRX21206420	SRS18463898	MIC057	MIC057	SampleName	MIC057	SRR25474177
sub-MIC056	sub-MIC056	MIC056	SRR25474178	SAMN36771259	SRX21206419	SRS18463895	MIC056	MIC056	SampleName	MIC056	SRR25474178
sub-MIC053	sub-MIC053	MIC053	SRR25474179	SAMN36771258	SRX21206418	SRS18463896	MIC053	MIC053	SampleName	MIC053	SRR25474179
sub-MIC052	sub-MIC052	MIC052	SRR25474180	SAMN36771257	SRX21206417	SRS18463894	MIC052	MIC052	SampleName	MIC052	SRR25474180
sub-MIC051	sub-MIC051	MIC051	SRR25474181	SAMN36771256	SRX21206416	SRS18463893	MIC051	MIC051	SampleName	MIC051	SRR25474181
sub-MIC049	sub-MIC049	MIC049	SRR25474182	SAMN36771255	SRX21206415	SRS18463892	MIC049	MIC049	SampleName	MIC049	SRR25474182
sub-MIC048	sub-MIC048	MIC048	SRR25474183	SAMN36771254	SRX21206414	SRS18463891	MIC048	MIC048	SampleName	MIC048	SRR25474183
sub-MIC017	sub-MIC017	MIC017	SRR25474184	SAMN36771224	SRX21206413	SRS18463890	MIC017	MIC017	SampleName	MIC017	SRR25474184
sub-MIC016	sub-MIC016	MIC016	SRR25474185	SAMN36771223	SRX21206412	SRS18463887	MIC016	MIC016	SampleName	MIC016	SRR25474185
sub-MIC003	sub-MIC003	MIC003	SRR25474186	SAMN36771214	SRX21206411	SRS18463886	MIC003	MIC003	SampleName	MIC003	SRR25474186
sub-MIC002	sub-MIC002	MIC002	SRR25474187	SAMN36771213	SRX21206410	SRS18463889	MIC002	MIC002	SampleName	MIC002	SRR25474187
sub-MIC047	sub-MIC047	MIC047	SRR25474188	SAMN36771253	SRX21206409	SRS18463888	MIC047	MIC047	SampleName	MIC047	SRR25474188
sub-MIC009	sub-MIC009	MIC009	SRR25474189	SAMN36771217	SRX21206408	SRS18463885	MIC009	MIC009	SampleName	MIC009	SRR25474189
sub-MIC046	sub-MIC046	MIC046	SRR25474190	SAMN36771252	SRX21206407	SRS18463881	MIC046	MIC046	SampleName	MIC046	SRR25474190
sub-MIC045	sub-MIC045	MIC045	SRR25474191	SAMN36771251	SRX21206406	SRS18463884	MIC045	MIC045	SampleName	MIC045	SRR25474191
sub-MIC044	sub-MIC044	MIC044	SRR25474192	SAMN36771250	SRX21206405	SRS18463883	MIC044	MIC044	SampleName	MIC044	SRR25474192
sub-MIC043	sub-MIC043	MIC043	SRR25474193	SAMN36771249	SRX21206404	SRS18463882	MIC043	MIC043	SampleName	MIC043	SRR25474193
sub-MIC042	sub-MIC042	MIC042	SRR25474194	SAMN36771248	SRX21206403	SRS18463880	MIC042	MIC042	SampleName	MIC042	SRR25474194
sub-MIC041	sub-MIC041	MIC041	SRR25474195	SAMN36771247	SRX21206402	SRS18463879	MIC041	MIC041	SampleName	MIC041	SRR25474195
sub-MIC040	sub-MIC040	MIC040	SRR25474196	SAMN36771246	SRX21206401	SRS18463878	MIC040	MIC040	SampleName	MIC040	SRR25474196
sub-MIC039	sub-MIC039	MIC039	SRR25474197	SAMN36771245	SRX21206400	SRS18463877	MIC039	MIC039	SampleName	MIC039	SRR25474197
sub-MIC038	sub-MIC038	MIC038	SRR25474198	SAMN36771244	SRX21206399	SRS18463876	MIC038	MIC038	SampleName	MIC038	SRR25474198
sub-MIC037	sub-MIC037	MIC037	SRR25474199	SAMN36771243	SRX21206398	SRS18463875	MIC037	MIC037	SampleName	MIC037	SRR25474199
sub-MIC008	sub-MIC008	MIC008	SRR25474200	SAMN36771216	SRX21206397	SRS18463874	MIC008	MIC008	SampleName	MIC008	SRR25474200
sub-MIC036	sub-MIC036	MIC036	SRR25474201	SAMN36771242	SRX21206396	SRS18463872	MIC036	MIC036	SampleName	MIC036	SRR25474201
sub-MIC035	sub-MIC035	MIC035	SRR25474202	SAMN36771241	SRX21206395	SRS18463873	MIC035	MIC035	SampleName	MIC035	SRR25474202
sub-MIC034	sub-MIC034	MIC034	SRR25474203	SAMN36771240	SRX21206394	SRS18463869	MIC034	MIC034	SampleName	MIC034	SRR25474203
sub-MIC033	sub-MIC033	MIC033	SRR25474204	SAMN36771239	SRX21206393	SRS18463871	MIC033	MIC033	SampleName	MIC033	SRR25474204
sub-MIC032	sub-MIC032	MIC032	SRR25474205	SAMN36771238	SRX21206392	SRS18463870	MIC032	MIC032	SampleName	MIC032	SRR25474205
sub-MIC031	sub-MIC031	MIC031	SRR25474206	SAMN36771237	SRX21206391	SRS18463868	MIC031	MIC031	SampleName	MIC031	SRR25474206
sub-MIC029	sub-MIC029	MIC029	SRR25474207	SAMN36771236	SRX21206390	SRS18463867	MIC029	MIC029	SampleName	MIC029	SRR25474207
sub-MIC028	sub-MIC028	MIC028	SRR25474208	SAMN36771235	SRX21206389	SRS18463866	MIC028	MIC028	SampleName	MIC028	SRR25474208
sub-MIC027	sub-MIC027	MIC027	SRR25474209	SAMN36771234	SRX21206388	SRS18463865	MIC027	MIC027	SampleName	MIC027	SRR25474209
sub-MIC026	sub-MIC026	MIC026	SRR25474210	SAMN36771233	SRX21206387	SRS18463864	MIC026	MIC026	SampleName	MIC026	SRR25474210
sub-MIC005	sub-MIC005	MIC005	SRR25474211	SAMN36771215	SRX21206386	SRS18463862	MIC005	MIC005	SampleName	MIC005	SRR25474211
sub-MIC025	sub-MIC025	MIC025	SRR25474212	SAMN36771232	SRX21206385	SRS18463861	MIC025	MIC025	SampleName	MIC025	SRR25474212
sub-MIC024	sub-MIC024	MIC024	SRR25474213	SAMN36771231	SRX21206384	SRS18463863	MIC024	MIC024	SampleName	MIC024	SRR25474213
sub-MIC023	sub-MIC023	MIC023	SRR25474214	SAMN36771230	SRX21206383	SRS18463860	MIC023	MIC023	SampleName	MIC023	SRR25474214
sub-MIC022	sub-MIC022	MIC022	SRR25474215	SAMN36771229	SRX21206382	SRS18463857	MIC022	MIC022	SampleName	MIC022	SRR25474215
sub-MIC021	sub-MIC021	MIC021	SRR25474216	SAMN36771228	SRX21206381	SRS18463859	MIC021	MIC021	SampleName	MIC021	SRR25474216
sub-MIC020	sub-MIC020	MIC020	SRR25474217	SAMN36771227	SRX21206380	SRS18463858	MIC020	MIC020	SampleName	MIC020	SRR25474217
sub-MIC019	sub-MIC019	MIC019	SRR25474218	SAMN36771226	SRX21206379	SRS18463856	MIC019	MIC019	SampleName	MIC019	SRR25474218
sub-MIC018	sub-MIC018	MIC018	SRR25474219	SAMN36771225	SRX21206378	SRS18463855	MIC018	MIC018	SampleName	MIC018	SRR25474219
