clade_name	DN1	DN10	DN11	DN12	DN13	DN14	DN15	DN2	DN3	DN4	DN5	DN6	DN7	DN8	DN9	HN1	HN10	HN11	HN12	HN13	HN14	HN15	HN2	HN3	HN4	HN5	HN6	HN7	HN8	HN9
d__Archaea___p__Euryarchaeota	14	162	0	266	66	0	0	0	94	0	0	133	0	0	0	0	62	0	0	0	0	56	0	0	0	0	0	0	0	0
d__Archaea___p__Euryarchaeota___c__Methanobacteria	14	162	0	266	66	0	0	0	94	0	0	133	0	0	0	0	62	0	0	0	0	56	0	0	0	0	0	0	0	0
d__Archaea___p__Euryarchaeota___c__Methanobacteria___o__Methanobacteriales	14	162	0	266	66	0	0	0	94	0	0	133	0	0	0	0	62	0	0	0	0	56	0	0	0	0	0	0	0	0
d__Archaea___p__Euryarchaeota___c__Methanobacteria___o__Methanobacteriales___f__Methanobacteriaceae	14	162	0	266	66	0	0	0	94	0	0	133	0	0	0	0	62	0	0	0	0	56	0	0	0	0	0	0	0	0
d__Archaea___p__Euryarchaeota___c__Methanobacteria___o__Methanobacteriales___f__Methanobacteriaceae___g__Methanobrevibacter	14	162	0	266	66	0	0	0	94	0	0	133	0	0	0	0	62	0	0	0	0	56	0	0	0	0	0	0	0	0
d__Archaea___p__Thermoplasmatota	0	0	0	0	0	0	0	0	0	0	0	7	0	0	0	0	0	0	0	0	0	0	0	0	0	0	0	0	0	0
d__Archaea___p__Thermoplasmatota___c__Thermoplasmata	0	0	0	0	0	0	0	0	0	0	0	7	0	0	0	0	0	0	0	0	0	0	0	0	0	0	0	0	0	0
d__Archaea___p__Thermoplasmatota___c__Thermoplasmata___o__Methanomassiliicoccales	0	0	0	0	0	0	0	0	0	0	0	7	0	0	0	0	0	0	0	0	0	0	0	0	0	0	0	0	0	0
d__Archaea___p__Thermoplasmatota___c__Thermoplasmata___o__Methanomassiliicoccales___f__Methanomethylophilaceae	0	0	0	0	0	0	0	0	0	0	0	7	0	0	0	0	0	0	0	0	0	0	0	0	0	0	0	0	0	0
d__Bacteria___p__Actinobacteriota	0	432	1896	1469	1223	31	1020	2560	376	148	8	65	407	113	1563	22	64	12	7	136	189	4401	1739	10	53	3944	2702	764	21	215
d__Bacteria___p__Actinobacteriota___c__Actinobacteria	0	267	1082	1133	970	0	719	2463	340	135	0	58	370	107	1528	22	46	8	5	126	181	4325	1615	10	28	3882	2693	563	7	207
d__Bacteria___p__Actinobacteriota___c__Actinobacteria___o__Actinomycetales	0	4	23	0	0	0	3	0	0	0	0	0	0	7	5	0	0	0	0	0	3	0	0	0	0	0	0	0	0	0
d__Bacteria___p__Actinobacteriota___c__Actinobacteria___o__Actinomycetales___f__Actinomycetaceae	0	4	23	0	0	0	3	0	0	0	0	0	0	7	5	0	0	0	0	0	3	0	0	0	0	0	0	0	0	0
d__Bacteria___p__Actinobacteriota___c__Actinobacteria___o__Actinomycetales___f__Actinomycetaceae___g__Actinomyces	0	4	23	0	0	0	3	0	0	0	0	0	0	7	5	0	0	0	0	0	3	0	0	0	0	0	0	0	0	0
d__Bacteria___p__Actinobacteriota___c__Actinobacteria___o__Bifidobacteriales	0	263	1055	1133	970	0	716	2463	340	135	0	58	370	100	1523	22	46	8	5	126	178	4320	1615	10	28	3882	2693	563	0	203
d__Bacteria___p__Actinobacteriota___c__Actinobacteria___o__Bifidobacteriales___f__Bifidobacteriaceae	0	263	1055	1133	970	0	716	2463	340	135	0	58	370	100	1523	22	46	8	5	126	178	4320	1615	10	28	3882	2693	563	0	203
d__Bacteria___p__Actinobacteriota___c__Actinobacteria___o__Bifidobacteriales___f__Bifidobacteriaceae___g__Bifidobacterium	0	263	1055	1133	970	0	716	2463	340	135	0	58	370	100	1523	22	46	8	5	126	178	4320	1615	10	28	3882	2693	563	0	203
d__Bacteria___p__Actinobacteriota___c__Actinobacteria___o__Corynebacteriales	0	0	4	0	0	0	0	0	0	0	0	0	0	0	0	0	0	0	0	0	0	0	0	0	0	0	0	0	0	0
d__Bacteria___p__Actinobacteriota___c__Actinobacteria___o__Corynebacteriales___f__Corynebacteriaceae	0	0	4	0	0	0	0	0	0	0	0	0	0	0	0	0	0	0	0	0	0	0	0	0	0	0	0	0	0	0
d__Bacteria___p__Actinobacteriota___c__Actinobacteria___o__Corynebacteriales___f__Corynebacteriaceae___g__Corynebacterium	0	0	4	0	0	0	0	0	0	0	0	0	0	0	0	0	0	0	0	0	0	0	0	0	0	0	0	0	0	0
d__Bacteria___p__Actinobacteriota___c__Actinobacteria___o__Micrococcales	0	0	0	0	0	0	0	0	0	0	0	0	0	0	0	0	0	0	0	0	0	5	0	0	0	0	0	0	7	4
d__Bacteria___p__Actinobacteriota___c__Actinobacteria___o__Micrococcales___f__Micrococcaceae	0	0	0	0	0	0	0	0	0	0	0	0	0	0	0	0	0	0	0	0	0	5	0	0	0	0	0	0	7	4
d__Bacteria___p__Actinobacteriota___c__Actinobacteria___o__Micrococcales___f__Micrococcaceae___g__Rothia	0	0	0	0	0	0	0	0	0	0	0	0	0	0	0	0	0	0	0	0	0	5	0	0	0	0	0	0	7	4
d__Bacteria___p__Actinobacteriota___c__Coriobacteriia	0	165	814	336	253	31	301	97	36	13	8	7	37	6	35	0	18	4	2	10	8	76	124	0	25	62	9	201	14	8
d__Bacteria___p__Actinobacteriota___c__Coriobacteriia___o__Coriobacteriales	0	165	814	336	253	31	301	97	36	13	8	7	37	6	35	0	18	4	2	10	8	76	124	0	25	62	9	201	14	8
d__Bacteria___p__Actinobacteriota___c__Coriobacteriia___o__Coriobacteriales___f__Atopobiaceae	0	0	0	0	0	0	0	0	0	0	0	0	0	0	0	0	0	0	0	0	0	0	0	0	0	0	0	41	0	0
d__Bacteria___p__Actinobacteriota___c__Coriobacteriia___o__Coriobacteriales___f__Atopobiaceae___g__Libanicoccus	0	0	0	0	0	0	0	0	0	0	0	0	0	0	0	0	0	0	0	0	0	0	0	0	0	0	0	41	0	0
d__Bacteria___p__Actinobacteriota___c__Coriobacteriia___o__Coriobacteriales___f__Coriobacteriaceae	0	5	741	54	75	0	55	11	0	0	0	0	0	0	27	0	0	0	0	8	0	31	0	0	0	0	0	37	0	8
d__Bacteria___p__Actinobacteriota___c__Coriobacteriia___o__Coriobacteriales___f__Coriobacteriaceae___g__Collinsella	0	5	741	54	75	0	55	11	0	0	0	0	0	0	27	0	0	0	0	8	0	31	0	0	0	0	0	37	0	8
d__Bacteria___p__Actinobacteriota___c__Coriobacteriia___o__Coriobacteriales___f__Coriobacteriales_Incertae_Sedis	0	136	0	140	114	0	125	30	0	0	4	0	4	0	0	0	5	0	0	0	3	11	2	0	8	0	0	0	14	0
d__Bacteria___p__Actinobacteriota___c__Coriobacteriia___o__Coriobacteriales___f__Coriobacteriales_Incertae_Sedis___g__Raoultibacter	0	0	0	0	4	0	0	0	0	0	0	0	0	0	0	0	0	0	0	0	0	0	0	0	0	0	0	0	0	0
d__Bacteria___p__Actinobacteriota___c__Coriobacteriia___o__Coriobacteriales___f__Eggerthellaceae	0	24	73	142	64	31	121	43	36	13	4	7	33	6	8	0	13	4	2	2	5	27	122	0	17	62	9	123	0	0
d__Bacteria___p__Actinobacteriota___c__Coriobacteriia___o__Coriobacteriales___f__Eggerthellaceae___g__Adlercreutzia	0	0	0	11	30	0	58	43	0	0	0	0	0	0	8	0	0	4	0	0	5	27	35	0	7	5	0	0	0	0
d__Bacteria___p__Actinobacteriota___c__Coriobacteriia___o__Coriobacteriales___f__Eggerthellaceae___g__DNF00809	0	0	0	35	0	0	0	0	0	0	0	0	0	0	0	0	0	0	0	0	0	0	0	0	0	0	0	0	0	0
d__Bacteria___p__Actinobacteriota___c__Coriobacteriia___o__Coriobacteriales___f__Eggerthellaceae___g__Eggerthella	0	0	73	0	0	31	5	0	30	13	0	0	0	6	0	0	0	0	2	2	0	0	87	0	0	4	0	0	0	0
d__Bacteria___p__Actinobacteriota___c__Coriobacteriia___o__Coriobacteriales___f__Eggerthellaceae___g__Enterorhabdus	0	0	0	0	0	0	0	0	0	0	0	0	0	0	0	0	0	0	0	0	0	0	0	0	0	32	9	53	0	0
d__Bacteria___p__Actinobacteriota___c__Coriobacteriia___o__Coriobacteriales___f__Eggerthellaceae___g__Gordonibacter	0	0	0	0	6	0	0	0	0	0	0	0	0	0	0	0	0	0	0	0	0	0	0	0	0	0	0	0	0	0
d__Bacteria___p__Actinobacteriota___c__Coriobacteriia___o__Coriobacteriales___f__Eggerthellaceae___g__Senegalimassilia	0	24	0	0	28	0	0	0	0	0	0	7	0	0	0	0	0	0	0	0	0	0	0	0	7	11	0	28	0	0
d__Bacteria___p__Actinobacteriota___c__Coriobacteriia___o__Coriobacteriales___f__Eggerthellaceae___g__Slackia	0	0	0	96	0	0	58	0	0	0	4	0	0	0	0	0	0	0	0	0	0	0	0	0	3	10	0	42	0	0
d__Bacteria___p__Bacteroidota	5835	2151	1410	838	4191	227	1785	369	390	3893	10821	7832	2813	1926	299	15579	8760	10131	17847	13173	10249	183	40	14343	4356	10505	58	4258	9980	8372
d__Bacteria___p__Bacteroidota___c__Bacteroidia	5835	2151	1410	838	4191	227	1785	369	390	3893	10821	7832	2813	1926	299	15579	8760	10131	17847	13173	10249	183	40	14343	4356	10505	58	4258	9980	8372
d__Bacteria___p__Bacteroidota___c__Bacteroidia___o__Bacteroidales	5835	2135	1410	838	4191	227	1785	369	390	3893	10821	7776	2813	1926	299	15579	8697	10131	17847	13173	10249	183	40	14343	4356	10505	58	4258	9964	8372
d__Bacteria___p__Bacteroidota___c__Bacteroidia___o__Bacteroidales___f__Bacteroidaceae	5085	1010	1196	394	2871	195	1262	320	318	2887	8883	7470	2067	1606	277	12257	2484	6419	15347	8428	8858	127	36	1138	2388	6485	30	1080	6661	7170
d__Bacteria___p__Bacteroidota___c__Bacteroidia___o__Bacteroidales___f__Bacteroidaceae___g__Bacteroides	5085	1010	1196	394	2871	195	1262	320	318	2887	8883	7470	2067	1606	277	12257	2484	6419	15347	8428	8858	127	36	1138	2388	6485	30	1080	6661	7170
d__Bacteria___p__Bacteroidota___c__Bacteroidia___o__Bacteroidales___f__Barnesiellaceae	24	353	0	19	137	0	104	0	0	0	583	99	7	216	0	271	489	58	0	239	0	10	0	113	20	0	0	0	697	413
d__Bacteria___p__Bacteroidota___c__Bacteroidia___o__Bacteroidales___f__Barnesiellaceae___g__Barnesiella	0	353	0	19	137	0	104	0	0	0	583	79	7	216	0	271	464	0	0	239	0	10	0	103	20	0	0	0	697	385
d__Bacteria___p__Bacteroidota___c__Bacteroidia___o__Bacteroidales___f__Barnesiellaceae___g__Coprobacter	24	0	0	0	0	0	0	0	0	0	0	0	0	0	0	0	25	58	0	0	0	0	0	0	0	0	0	0	0	28
d__Bacteria___p__Bacteroidota___c__Bacteroidia___o__Bacteroidales___f__M2PB4-65_termite_group	0	91	0	0	0	0	0	0	0	0	0	0	0	0	0	0	0	0	0	0	0	0	0	0	0	0	0	0	0	0
d__Bacteria___p__Bacteroidota___c__Bacteroidia___o__Bacteroidales___f__Marinifilaceae	0	7	2	3	31	0	0	0	0	597	37	8	0	0	0	167	476	0	56	0	93	2	0	139	703	78	5	17	0	0
d__Bacteria___p__Bacteroidota___c__Bacteroidia___o__Bacteroidales___f__Marinifilaceae___g__Butyricimonas	0	0	0	0	10	0	0	0	0	146	0	0	0	0	0	0	235	0	0	0	0	0	0	115	659	74	5	10	0	0
d__Bacteria___p__Bacteroidota___c__Bacteroidia___o__Bacteroidales___f__Marinifilaceae___g__Odoribacter	0	7	2	3	21	0	0	0	0	451	37	8	0	0	0	167	237	0	56	0	93	2	0	24	31	4	0	7	0	0
d__Bacteria___p__Bacteroidota___c__Bacteroidia___o__Bacteroidales___f__Marinifilaceae___g__Sanguibacteroides	0	0	0	0	0	0	0	0	0	0	0	0	0	0	0	0	4	0	0	0	0	0	0	0	13	0	0	0	0	0
d__Bacteria___p__Bacteroidota___c__Bacteroidia___o__Bacteroidales___f__Muribaculaceae	0	48	0	0	270	0	0	0	0	0	0	0	146	0	0	0	1570	0	0	0	0	7	0	0	452	0	0	170	63	0
d__Bacteria___p__Bacteroidota___c__Bacteroidia___o__Bacteroidales___f__Porphyromonadaceae	0	0	0	0	0	0	0	0	0	0	0	0	0	0	0	0	0	0	0	0	0	0	0	0	13	0	0	0	0	0
d__Bacteria___p__Bacteroidota___c__Bacteroidia___o__Bacteroidales___f__Porphyromonadaceae___g__Porphyromonas	0	0	0	0	0	0	0	0	0	0	0	0	0	0	0	0	0	0	0	0	0	0	0	0	13	0	0	0	0	0
d__Bacteria___p__Bacteroidota___c__Bacteroidia___o__Bacteroidales___f__Prevotellaceae	0	3	0	7	92	0	13	0	0	0	0	0	0	0	0	0	1088	0	0	0	0	0	0	12167	29	184	21	2710	0	3
d__Bacteria___p__Bacteroidota___c__Bacteroidia___o__Bacteroidales___f__Prevotellaceae___g__Alloprevotella	0	0	0	0	0	0	0	0	0	0	0	0	0	0	0	0	177	0	0	0	0	0	0	1518	0	0	0	453	0	0
d__Bacteria___p__Bacteroidota___c__Bacteroidia___o__Bacteroidales___f__Prevotellaceae___g__Paraprevotella	0	0	0	0	0	0	0	0	0	0	0	0	0	0	0	0	141	0	0	0	0	0	0	123	0	0	21	63	0	0
d__Bacteria___p__Bacteroidota___c__Bacteroidia___o__Bacteroidales___f__Prevotellaceae___g__Prevotella	0	3	0	7	0	0	13	0	0	0	0	0	0	0	0	0	758	0	0	0	0	0	0	10469	0	177	0	1978	0	3
d__Bacteria___p__Bacteroidota___c__Bacteroidia___o__Bacteroidales___f__Prevotellaceae___g__Prevotellaceae_NK3B31_group	0	0	0	0	92	0	0	0	0	0	0	0	0	0	0	0	12	0	0	0	0	0	0	0	0	0	0	0	0	0
d__Bacteria___p__Bacteroidota___c__Bacteroidia___o__Bacteroidales___f__Prevotellaceae___g__Prevotellaceae_YAB2003_group	0	0	0	0	0	0	0	0	0	0	0	0	0	0	0	0	0	0	0	0	0	0	0	0	0	0	0	7	0	0
d__Bacteria___p__Bacteroidota___c__Bacteroidia___o__Bacteroidales___f__Rikenellaceae	691	505	2	276	437	32	340	49	53	0	579	111	370	64	7	2244	1697	3079	1186	4094	191	30	4	537	309	39	2	80	2416	330
d__Bacteria___p__Bacteroidota___c__Bacteroidia___o__Bacteroidales___f__Rikenellaceae___g__Alistipes	691	505	2	276	437	32	340	49	53	0	579	111	370	64	7	2244	1697	3079	1186	4094	191	30	4	537	154	39	2	80	2416	330
d__Bacteria___p__Bacteroidota___c__Bacteroidia___o__Bacteroidales___f__Rikenellaceae___g__Rikenellaceae_RC9_gut_group	0	0	0	0	0	0	0	0	0	0	0	0	0	0	0	0	0	0	0	0	0	0	0	0	155	0	0	0	0	0
d__Bacteria___p__Bacteroidota___c__Bacteroidia___o__Bacteroidales___f__Tannerellaceae	35	105	210	139	353	0	50	0	19	409	739	88	223	40	15	640	893	575	1233	412	1107	7	0	190	259	3719	0	201	127	456
d__Bacteria___p__Bacteroidota___c__Bacteroidia___o__Bacteroidales___f__Tannerellaceae___g__Parabacteroides	35	105	210	139	353	0	50	0	19	409	739	88	223	40	15	640	873	575	1233	412	1107	7	0	190	259	3719	0	201	127	456
d__Bacteria___p__Bacteroidota___c__Bacteroidia___o__Flavobacteriales	0	0	0	0	0	0	0	0	0	0	0	0	0	0	0	0	63	0	0	0	0	0	0	0	0	0	0	0	16	0
d__Bacteria___p__Cyanobacteria	0	0	0	7	0	0	0	11	0	0	0	0	0	0	0	0	0	0	4	0	0	0	0	0	0	0	0	8	29	14
d__Bacteria___p__Cyanobacteria___c__Cyanobacteriia	0	0	0	7	0	0	0	0	0	0	0	0	0	0	0	0	0	0	0	0	0	0	0	0	0	0	0	8	8	14
d__Bacteria___p__Cyanobacteria___c__Cyanobacteriia___o__Chloroplast	0	0	0	7	0	0	0	0	0	0	0	0	0	0	0	0	0	0	0	0	0	0	0	0	0	0	0	8	8	14
d__Bacteria___p__Cyanobacteria___c__Vampirivibrionia	0	0	0	0	0	0	0	11	0	0	0	0	0	0	0	0	0	0	4	0	0	0	0	0	0	0	0	0	21	0
d__Bacteria___p__Cyanobacteria___c__Vampirivibrionia___o__Gastranaerophilales	0	0	0	0	0	0	0	11	0	0	0	0	0	0	0	0	0	0	4	0	0	0	0	0	0	0	0	0	21	0
d__Bacteria___p__Desulfobacterota	15	13	0	21	3	0	32	0	45	0	25	14	0	35	14	55	683	151	150	129	157	0	0	57	0	0	0	36	0	214
d__Bacteria___p__Desulfobacterota___c__Desulfovibrionia	15	13	0	21	3	0	32	0	45	0	25	14	0	35	14	55	683	151	150	129	157	0	0	57	0	0	0	36	0	214
d__Bacteria___p__Desulfobacterota___c__Desulfovibrionia___o__Desulfovibrionales	15	13	0	21	3	0	32	0	45	0	25	14	0	35	14	55	683	151	150	129	157	0	0	57	0	0	0	36	0	214
d__Bacteria___p__Desulfobacterota___c__Desulfovibrionia___o__Desulfovibrionales___f__Desulfovibrionaceae	15	13	0	21	3	0	32	0	45	0	25	14	0	35	14	55	683	151	150	129	157	0	0	57	0	0	0	36	0	214
d__Bacteria___p__Desulfobacterota___c__Desulfovibrionia___o__Desulfovibrionales___f__Desulfovibrionaceae___g__Bilophila	10	13	0	0	3	0	32	0	45	0	25	0	0	35	4	55	137	87	139	129	157	0	0	0	0	0	0	36	0	176
d__Bacteria___p__Desulfobacterota___c__Desulfovibrionia___o__Desulfovibrionales___f__Desulfovibrionaceae___g__Desulfovibrio	0	0	0	21	0	0	0	0	0	0	0	14	0	0	10	0	513	64	0	0	0	0	0	57	0	0	0	0	0	0
d__Bacteria___p__Desulfobacterota___c__Desulfovibrionia___o__Desulfovibrionales___f__Desulfovibrionaceae___g__Mailhella	0	0	0	0	0	0	0	0	0	0	0	0	0	0	0	0	30	0	0	0	0	0	0	0	0	0	0	0	0	38
d__Bacteria___p__Elusimicrobiota	0	0	0	0	0	0	0	0	0	0	0	0	0	0	0	0	24	0	0	0	0	0	0	0	0	0	0	0	0	0
d__Bacteria___p__Elusimicrobiota___c__Elusimicrobia	0	0	0	0	0	0	0	0	0	0	0	0	0	0	0	0	24	0	0	0	0	0	0	0	0	0	0	0	0	0
d__Bacteria___p__Elusimicrobiota___c__Elusimicrobia___o__Elusimicrobiales	0	0	0	0	0	0	0	0	0	0	0	0	0	0	0	0	24	0	0	0	0	0	0	0	0	0	0	0	0	0
d__Bacteria___p__Elusimicrobiota___c__Elusimicrobia___o__Elusimicrobiales___f__Elusimicrobiaceae	0	0	0	0	0	0	0	0	0	0	0	0	0	0	0	0	24	0	0	0	0	0	0	0	0	0	0	0	0	0
d__Bacteria___p__Elusimicrobiota___c__Elusimicrobia___o__Elusimicrobiales___f__Elusimicrobiaceae___g__Elusimicrobium	0	0	0	0	0	0	0	0	0	0	0	0	0	0	0	0	24	0	0	0	0	0	0	0	0	0	0	0	0	0
d__Bacteria___p__Firmicutes	1712	8879	16824	17314	18712	18683	14112	7577	11955	8205	3395	6647	8841	2844	12015	5711	13990	9925	3136	8227	9689	17620	15262	7489	10063	6861	3684	18539	9275	8258
d__Bacteria___p__Firmicutes___c__Bacilli	46	738	3133	2219	967	486	349	922	673	244	24	63	489	948	197	115	5165	181	40	367	295	1947	829	85	5334	1226	840	2245	32	565
d__Bacteria___p__Firmicutes___c__Bacilli___o__Bacillales	0	0	0	0	0	0	0	0	0	0	0	0	0	0	0	0	0	0	0	0	0	0	0	0	4844	0	0	0	0	0
d__Bacteria___p__Firmicutes___c__Bacilli___o__Bacillales___f__Planococcaceae	0	0	0	0	0	0	0	0	0	0	0	0	0	0	0	0	0	0	0	0	0	0	0	0	4844	0	0	0	0	0
d__Bacteria___p__Firmicutes___c__Bacilli___o__Bacillales___f__Planococcaceae___g__Lysinibacillus	0	0	0	0	0	0	0	0	0	0	0	0	0	0	0	0	0	0	0	0	0	0	0	0	4844	0	0	0	0	0
d__Bacteria___p__Firmicutes___c__Bacilli___o__Erysipelotrichales	20	50	2859	1719	816	332	164	711	580	236	18	50	407	751	87	65	69	122	14	214	275	1746	690	77	343	208	815	2122	25	144
d__Bacteria___p__Firmicutes___c__Bacilli___o__Erysipelotrichales___f__Erysipelatoclostridiaceae	10	40	900	74	802	167	103	683	168	97	11	10	371	52	74	51	41	38	0	25	263	97	144	37	70	129	100	561	25	128
d__Bacteria___p__Firmicutes___c__Bacilli___o__Erysipelotrichales___f__Erysipelatoclostridiaceae___g__Candidatus_Stoquefichus	0	0	0	0	4	119	7	0	16	0	0	0	0	0	11	0	0	20	0	0	0	0	60	0	0	0	0	0	0	0
d__Bacteria___p__Firmicutes___c__Bacilli___o__Erysipelotrichales___f__Erysipelatoclostridiaceae___g__Catenibacterium	0	0	0	0	0	0	0	0	0	0	0	0	0	0	0	45	0	0	0	0	0	0	0	0	62	0	0	0	0	0
d__Bacteria___p__Firmicutes___c__Bacilli___o__Erysipelotrichales___f__Erysipelatoclostridiaceae___g__Coprobacillus	0	0	0	0	0	0	0	0	0	18	0	0	0	0	0	0	0	0	0	0	0	0	0	0	0	0	0	0	0	0
d__Bacteria___p__Firmicutes___c__Bacilli___o__Erysipelotrichales___f__Erysipelatoclostridiaceae___g__Erysipelatoclostridium	10	5	35	17	34	48	7	0	10	79	0	0	0	52	10	0	3	6	0	4	36	10	84	0	0	10	0	0	0	6
d__Bacteria___p__Firmicutes___c__Bacilli___o__Erysipelotrichales___f__Erysipelatoclostridiaceae___g__Erysipelotrichaceae_UCG-003	0	35	865	57	764	0	89	683	142	0	11	10	371	0	0	6	36	12	0	21	227	87	0	29	8	119	100	561	25	122
d__Bacteria___p__Firmicutes___c__Bacilli___o__Erysipelotrichales___f__Erysipelatoclostridiaceae___g__UCG-004	0	0	0	0	0	0	0	0	0	0	0	0	0	0	0	0	2	0	0	0	0	0	0	8	0	0	0	0	0	0
d__Bacteria___p__Firmicutes___c__Bacilli___o__Erysipelotrichales___f__Erysipelotrichaceae	10	10	1959	1645	14	165	61	28	412	139	7	40	36	699	13	14	28	84	14	189	12	1649	546	40	265	79	715	1561	0	16
d__Bacteria___p__Firmicutes___c__Bacilli___o__Erysipelotrichales___f__Erysipelotrichaceae___g__Dielma	10	0	0	3	0	0	0	0	0	0	0	2	0	0	0	0	8	0	0	0	6	2	0	0	11	0	0	5	0	6
d__Bacteria___p__Firmicutes___c__Bacilli___o__Erysipelotrichales___f__Erysipelotrichaceae___g__Faecalicoccus	0	0	0	0	0	0	0	0	0	0	0	0	0	0	0	0	0	0	0	0	0	0	0	0	0	3	0	0	0	0
d__Bacteria___p__Firmicutes___c__Bacilli___o__Erysipelotrichales___f__Erysipelotrichaceae___g__Faecalitalea	0	0	5	0	9	151	20	6	320	0	2	0	0	0	13	0	0	0	0	0	6	0	202	0	0	0	0	0	0	0
d__Bacteria___p__Firmicutes___c__Bacilli___o__Erysipelotrichales___f__Erysipelotrichaceae___g__Holdemanella	0	0	1898	1602	0	0	4	0	0	0	0	0	0	0	0	0	0	0	0	0	0	1506	3	5	72	0	701	1223	0	0
d__Bacteria___p__Firmicutes___c__Bacilli___o__Erysipelotrichales___f__Erysipelotrichaceae___g__Holdemania	0	7	8	3	0	0	19	14	35	28	5	0	3	0	0	14	0	2	0	8	0	0	12	0	0	0	0	20	0	10
d__Bacteria___p__Firmicutes___c__Bacilli___o__Erysipelotrichales___f__Erysipelotrichaceae___g__Merdibacter	0	0	0	0	0	0	6	0	0	0	0	0	0	0	0	0	0	13	0	0	0	0	7	0	0	0	0	0	0	0
d__Bacteria___p__Firmicutes___c__Bacilli___o__Erysipelotrichales___f__Erysipelotrichaceae___g__Turicibacter	0	3	30	25	0	0	0	0	36	0	0	38	33	0	0	0	20	69	8	181	0	141	126	35	0	3	14	313	0	0
d__Bacteria___p__Firmicutes___c__Bacilli___o__Izemoplasmatales	0	15	0	0	0	0	0	0	0	0	0	0	0	0	0	0	48	0	0	0	0	0	0	0	0	0	0	0	0	0
d__Bacteria___p__Firmicutes___c__Bacilli___o__Lactobacillales	26	29	274	208	151	154	185	211	93	8	6	0	82	197	108	50	0	32	26	138	20	201	139	8	147	1018	25	123	4	413
d__Bacteria___p__Firmicutes___c__Bacilli___o__Lactobacillales___f__Carnobacteriaceae	0	0	0	0	0	0	0	0	0	0	0	0	0	0	0	3	0	0	0	14	0	0	11	0	0	0	0	0	0	16
d__Bacteria___p__Firmicutes___c__Bacilli___o__Lactobacillales___f__Carnobacteriaceae___g__Granulicatella	0	0	0	0	0	0	0	0	0	0	0	0	0	0	0	3	0	0	0	14	0	0	11	0	0	0	0	0	0	16
d__Bacteria___p__Firmicutes___c__Bacilli___o__Lactobacillales___f__Enterococcaceae	0	0	0	0	12	0	0	83	0	0	0	0	0	28	0	0	0	0	0	0	0	0	0	0	14	15	0	0	0	0
d__Bacteria___p__Firmicutes___c__Bacilli___o__Lactobacillales___f__Enterococcaceae___g__Enterococcus	0	0	0	0	12	0	0	83	0	0	0	0	0	28	0	0	0	0	0	0	0	0	0	0	14	15	0	0	0	0
d__Bacteria___p__Firmicutes___c__Bacilli___o__Lactobacillales___f__Lactobacillaceae	0	0	39	9	0	0	0	0	0	0	0	0	0	0	0	0	0	0	4	0	0	0	0	0	10	541	0	3	0	0
d__Bacteria___p__Firmicutes___c__Bacilli___o__Lactobacillales___f__Lactobacillaceae___g__Lactobacillus	0	0	39	9	0	0	0	0	0	0	0	0	0	0	0	0	0	0	4	0	0	0	0	0	10	541	0	3	0	0
d__Bacteria___p__Firmicutes___c__Bacilli___o__Lactobacillales___f__Leuconostocaceae	0	0	7	0	5	0	11	0	0	0	0	0	0	0	0	0	0	0	0	0	3	0	0	0	7	0	0	2	0	0
d__Bacteria___p__Firmicutes___c__Bacilli___o__Lactobacillales___f__Leuconostocaceae___g__Leuconostoc	0	0	0	0	5	0	11	0	0	0	0	0	0	0	0	0	0	0	0	0	3	0	0	0	0	0	0	0	0	0
d__Bacteria___p__Firmicutes___c__Bacilli___o__Lactobacillales___f__Leuconostocaceae___g__Weissella	0	0	7	0	0	0	0	0	0	0	0	0	0	0	0	0	0	0	0	0	0	0	0	0	7	0	0	2	0	0
d__Bacteria___p__Firmicutes___c__Bacilli___o__Lactobacillales___f__Streptococcaceae	26	29	228	199	134	154	174	128	93	8	6	0	82	169	108	47	0	32	22	124	17	201	128	8	116	462	25	118	4	397
d__Bacteria___p__Firmicutes___c__Bacilli___o__Lactobacillales___f__Streptococcaceae___g__Lactococcus	0	0	3	9	20	0	0	0	0	0	0	0	0	0	0	0	0	0	0	0	0	0	0	0	0	0	0	0	0	0
d__Bacteria___p__Firmicutes___c__Bacilli___o__Lactobacillales___f__Streptococcaceae___g__Streptococcus	26	29	225	190	114	154	174	128	93	8	6	0	82	169	108	47	0	32	22	124	17	201	128	8	116	462	25	118	4	397
d__Bacteria___p__Firmicutes___c__Bacilli___o__RF39	0	644	0	292	0	0	0	0	0	0	0	13	0	0	0	0	5048	27	0	6	0	0	0	0	0	0	0	0	0	0
d__Bacteria___p__Firmicutes___c__Bacilli___o__Staphylococcales	0	0	0	0	0	0	0	0	0	0	0	0	0	0	2	0	0	0	0	9	0	0	0	0	0	0	0	0	3	8
d__Bacteria___p__Firmicutes___c__Bacilli___o__Staphylococcales___f__Gemellaceae	0	0	0	0	0	0	0	0	0	0	0	0	0	0	2	0	0	0	0	9	0	0	0	0	0	0	0	0	3	8
d__Bacteria___p__Firmicutes___c__Bacilli___o__Staphylococcales___f__Gemellaceae___g__Gemella	0	0	0	0	0	0	0	0	0	0	0	0	0	0	2	0	0	0	0	9	0	0	0	0	0	0	0	0	3	8
d__Bacteria___p__Firmicutes___c__Clostridia	1563	8117	13682	14217	17737	17832	13703	6655	11223	6459	1034	6512	7908	1118	11693	5097	8665	9022	2669	6272	7625	14998	14409	5130	4582	1759	2844	11107	8869	6063
d__Bacteria___p__Firmicutes___c__Clostridia___o__Christensenellales	0	229	33	182	204	0	49	255	368	0	7	167	73	0	0	2	689	739	9	784	9	65	0	13	222	0	17	64	41	6
d__Bacteria___p__Firmicutes___c__Clostridia___o__Christensenellales___f__Christensenellaceae	0	229	33	182	204	0	49	255	368	0	7	167	73	0	0	2	689	739	9	784	9	65	0	13	222	0	17	64	41	6
d__Bacteria___p__Firmicutes___c__Clostridia___o__Christensenellales___f__Christensenellaceae___g__Christensenellaceae_R-7_group	0	142	8	166	204	0	44	255	345	0	7	135	71	0	0	2	675	725	4	784	9	65	0	6	150	0	17	64	38	6
d__Bacteria___p__Firmicutes___c__Clostridia___o__Clostridia_UCG-014	0	414	4	3067	42	0	0	0	0	0	0	42	0	0	12	0	1040	119	0	128	710	18	296	0	90	21	83	210	99	40
d__Bacteria___p__Firmicutes___c__Clostridia___o__Clostridia_or	0	0	0	0	0	0	0	0	0	0	0	4	0	0	0	0	0	0	0	0	0	0	0	0	0	0	0	0	0	0
d__Bacteria___p__Firmicutes___c__Clostridia___o__Clostridia_or___f__Hungateiclostridiaceae	0	0	0	0	0	0	0	0	0	0	0	4	0	0	0	0	0	0	0	0	0	0	0	0	0	0	0	0	0	0
d__Bacteria___p__Firmicutes___c__Clostridia___o__Clostridia_vadinBB60_group	0	15	0	0	0	0	0	0	0	10	0	3	2	0	0	7	34	14	0	0	16	0	0	150	39	0	0	0	0	0
d__Bacteria___p__Firmicutes___c__Clostridia___o__Clostridiales	32	0	46	459	37	7	4	0	198	0	0	26	41	44	62	0	36	342	0	44	8	51	107	36	564	0	0	21	0	0
d__Bacteria___p__Firmicutes___c__Clostridia___o__Clostridiales___f__Clostridiaceae	32	0	46	459	37	7	4	0	198	0	0	26	41	44	62	0	36	342	0	44	8	51	107	36	564	0	0	21	0	0
d__Bacteria___p__Firmicutes___c__Clostridia___o__Clostridiales___f__Clostridiaceae___g__Clostridium_sensu_stricto_1	32	0	46	459	37	7	4	0	198	0	0	26	41	44	62	0	36	342	0	44	8	51	107	36	506	0	0	21	0	0
d__Bacteria___p__Firmicutes___c__Clostridia___o__Clostridiales___f__Clostridiaceae___g__Clostridium_sensu_stricto_13	0	0	0	0	0	0	0	0	0	0	0	0	0	0	0	0	0	0	0	0	0	0	0	0	58	0	0	0	0	0
d__Bacteria___p__Firmicutes___c__Clostridia___o__Eubacteriales	4	0	13	0	3	0	0	0	16	0	0	0	0	0	0	0	0	0	0	0	0	0	0	0	0	0	0	0	0	0
d__Bacteria___p__Firmicutes___c__Clostridia___o__Eubacteriales___f__Anaerofustaceae	0	0	3	0	0	0	0	0	0	0	0	0	0	0	0	0	0	0	0	0	0	0	0	0	0	0	0	0	0	0
d__Bacteria___p__Firmicutes___c__Clostridia___o__Eubacteriales___f__Anaerofustaceae___g__Anaerofustis	0	0	3	0	0	0	0	0	0	0	0	0	0	0	0	0	0	0	0	0	0	0	0	0	0	0	0	0	0	0
d__Bacteria___p__Firmicutes___c__Clostridia___o__Eubacteriales___f__Eubacteriaceae	4	0	10	0	3	0	0	0	16	0	0	0	0	0	0	0	0	0	0	0	0	0	0	0	0	0	0	0	0	0
d__Bacteria___p__Firmicutes___c__Clostridia___o__Eubacteriales___f__Eubacteriaceae___g__Eubacterium	4	0	10	0	3	0	0	0	16	0	0	0	0	0	0	0	0	0	0	0	0	0	0	0	0	0	0	0	0	0
d__Bacteria___p__Firmicutes___c__Clostridia___o__Lachnospirales	653	2263	10904	4059	7488	15361	6517	5188	3530	4270	560	1043	3375	132	6838	2071	1887	3251	1648	2352	2849	9035	13030	1665	690	248	1606	6597	3315	2645
d__Bacteria___p__Firmicutes___c__Clostridia___o__Lachnospirales___f__Defluviitaleaceae	0	0	0	0	0	0	0	0	11	0	0	0	0	0	0	0	0	0	0	0	0	0	0	0	0	0	0	0	0	0
d__Bacteria___p__Firmicutes___c__Clostridia___o__Lachnospirales___f__Defluviitaleaceae___g__Defluviitaleaceae_UCG-011	0	0	0	0	0	0	0	0	11	0	0	0	0	0	0	0	0	0	0	0	0	0	0	0	0	0	0	0	0	0
d__Bacteria___p__Firmicutes___c__Clostridia___o__Lachnospirales___f__Lachnospiraceae	653	2251	10904	4059	7467	15361	6517	5188	3499	4270	560	1043	3375	132	6838	2071	1887	3251	1648	2352	2849	9035	13030	1665	683	248	1606	6597	3315	2645
d__Bacteria___p__Firmicutes___c__Clostridia___o__Lachnospirales___f__Lachnospiraceae___g__Agathobacter	79	368	384	296	1908	2793	1000	1945	184	1492	56	174	547	21	654	662	267	625	274	354	831	2758	26	169	0	24	0	1333	531	945
d__Bacteria___p__Firmicutes___c__Clostridia___o__Lachnospirales___f__Lachnospiraceae___g__Anaerostipes	0	708	136	73	412	471	294	232	578	31	16	213	418	8	252	0	8	34	68	65	13	275	1480	5	0	5	147	61	32	82
d__Bacteria___p__Firmicutes___c__Clostridia___o__Lachnospirales___f__Lachnospiraceae___g__Blautia	80	319	4488	1145	2428	6425	1862	1628	620	422	75	353	936	27	2370	23	55	185	182	124	123	2428	6189	17	0	0	1207	1069	178	238
d__Bacteria___p__Firmicutes___c__Clostridia___o__Lachnospirales___f__Lachnospiraceae___g__CAG-56	0	8	0	29	39	0	0	26	0	0	4	0	14	0	0	0	0	6	0	30	0	0	0	0	0	0	0	14	29	0
d__Bacteria___p__Firmicutes___c__Clostridia___o__Lachnospirales___f__Lachnospiraceae___g__Coprococcus	0	148	875	408	126	157	76	50	145	0	0	20	492	4	157	20	113	124	86	168	10	1013	3	482	0	5	47	522	69	30
d__Bacteria___p__Firmicutes___c__Clostridia___o__Lachnospirales___f__Lachnospiraceae___g__Dorea	0	42	436	307	132	0	337	0	0	0	0	10	204	0	0	17	31	89	27	0	0	305	0	7	0	16	144	291	11	47
d__Bacteria___p__Firmicutes___c__Clostridia___o__Lachnospirales___f__Lachnospiraceae___g__Eisenbergiella	0	6	0	0	6	31	0	0	0	0	0	0	0	0	0	0	0	4	0	0	0	0	0	0	0	0	0	0	0	0
d__Bacteria___p__Firmicutes___c__Clostridia___o__Lachnospirales___f__Lachnospiraceae___g__Frisingicoccus	0	0	75	0	38	0	0	63	0	0	0	0	0	0	0	0	0	0	0	0	0	0	0	0	0	0	0	0	0	0
d__Bacteria___p__Firmicutes___c__Clostridia___o__Lachnospirales___f__Lachnospiraceae___g__Fusicatenibacter	0	21	183	194	182	0	191	440	227	118	44	30	139	0	0	49	3	16	80	60	74	588	0	0	0	34	0	65	48	206
d__Bacteria___p__Firmicutes___c__Clostridia___o__Lachnospirales___f__Lachnospiraceae___g__GCA-900066575	0	0	34	0	14	0	0	0	0	0	10	0	0	0	11	0	0	0	0	0	0	0	0	14	0	0	0	0	48	0
d__Bacteria___p__Firmicutes___c__Clostridia___o__Lachnospirales___f__Lachnospiraceae___g__GCA-900066755	0	0	0	0	0	0	0	0	0	0	0	0	0	0	0	0	0	0	0	0	0	0	0	0	16	0	0	0	0	0
d__Bacteria___p__Firmicutes___c__Clostridia___o__Lachnospirales___f__Lachnospiraceae___g__Howardella	0	0	0	0	0	0	0	14	0	0	0	0	0	0	0	0	0	0	0	0	0	0	0	0	0	0	0	0	0	0
d__Bacteria___p__Firmicutes___c__Clostridia___o__Lachnospirales___f__Lachnospiraceae___g__Hungatella	0	0	5	0	0	0	0	0	0	14	0	0	0	15	0	0	0	0	0	0	0	0	0	0	0	0	0	0	0	0
d__Bacteria___p__Firmicutes___c__Clostridia___o__Lachnospirales___f__Lachnospiraceae___g__Lachnoclostridium	0	0	1300	50	110	480	231	208	309	147	121	15	22	21	1302	75	15	38	356	146	11	114	621	4	61	0	0	113	47	55
d__Bacteria___p__Firmicutes___c__Clostridia___o__Lachnospirales___f__Lachnospiraceae___g__Lachnospira	73	211	43	44	61	0	39	41	268	745	133	0	16	12	758	483	71	472	103	221	765	51	1404	410	0	12	9	122	839	608
d__Bacteria___p__Firmicutes___c__Clostridia___o__Lachnospirales___f__Lachnospiraceae___g__Lachnospiraceae_AC2044_group	0	0	0	0	0	0	0	0	0	0	0	0	0	0	0	0	239	35	35	0	0	0	0	0	0	0	0	0	0	0
d__Bacteria___p__Firmicutes___c__Clostridia___o__Lachnospirales___f__Lachnospiraceae___g__Lachnospiraceae_FCS020_group	0	14	0	33	20	0	0	0	0	0	0	8	9	0	0	0	11	4	0	0	0	13	0	0	0	0	0	16	0	0
d__Bacteria___p__Firmicutes___c__Clostridia___o__Lachnospirales___f__Lachnospiraceae___g__Lachnospiraceae_NC2004_group	2	0	0	0	0	0	0	0	0	0	0	0	0	0	0	0	0	0	0	0	0	0	0	0	0	0	0	0	0	0
d__Bacteria___p__Firmicutes___c__Clostridia___o__Lachnospirales___f__Lachnospiraceae___g__Lachnospiraceae_ND3007_group	0	0	0	61	102	0	17	0	0	24	0	8	9	0	27	0	16	53	3	27	313	76	53	0	0	0	0	103	59	24
d__Bacteria___p__Firmicutes___c__Clostridia___o__Lachnospirales___f__Lachnospiraceae___g__Lachnospiraceae_NK4A136_group	45	108	23	17	159	0	39	0	74	378	0	0	0	0	0	28	528	542	94	364	23	40	0	153	38	0	0	252	822	17
d__Bacteria___p__Firmicutes___c__Clostridia___o__Lachnospirales___f__Lachnospiraceae___g__Lachnospiraceae_UCG-001	0	0	0	21	13	0	116	0	0	0	0	0	0	0	0	0	201	66	0	80	31	13	0	10	0	0	0	15	22	53
d__Bacteria___p__Firmicutes___c__Clostridia___o__Lachnospirales___f__Lachnospiraceae___g__Lachnospiraceae_UCG-002	0	0	0	0	0	0	0	0	28	0	0	0	0	0	0	0	0	0	0	0	0	0	0	0	0	0	0	0	0	0
d__Bacteria___p__Firmicutes___c__Clostridia___o__Lachnospirales___f__Lachnospiraceae___g__Lachnospiraceae_UCG-003	0	0	0	0	0	0	0	0	0	0	0	0	0	0	0	0	0	19	0	47	0	0	0	0	0	0	0	0	0	0
d__Bacteria___p__Firmicutes___c__Clostridia___o__Lachnospirales___f__Lachnospiraceae___g__Lachnospiraceae_UCG-004	0	43	0	0	0	17	0	0	12	0	0	0	0	0	169	12	0	21	27	56	24	0	0	17	0	0	0	0	18	63
d__Bacteria___p__Firmicutes___c__Clostridia___o__Lachnospirales___f__Lachnospiraceae___g__Lachnospiraceae_UCG-010	0	10	0	0	46	10	50	0	20	11	0	0	36	0	0	88	0	6	59	104	14	0	0	0	14	0	0	467	19	7
d__Bacteria___p__Firmicutes___c__Clostridia___o__Lachnospirales___f__Lachnospiraceae___g__Lactonifactor	0	0	18	0	0	0	0	0	0	0	0	0	0	0	0	0	0	0	0	0	0	0	0	0	0	0	0	0	0	0
d__Bacteria___p__Firmicutes___c__Clostridia___o__Lachnospirales___f__Lachnospiraceae___g__Marvinbryantia	0	0	0	0	0	0	0	64	0	0	0	0	0	0	18	0	0	0	0	0	0	14	17	0	0	0	0	11	0	0
d__Bacteria___p__Firmicutes___c__Clostridia___o__Lachnospirales___f__Lachnospiraceae___g__Roseburia	33	102	163	137	455	2010	715	35	445	503	55	101	34	0	574	446	106	336	166	384	163	560	0	257	0	0	0	86	128	118
d__Bacteria___p__Firmicutes___c__Clostridia___o__Lachnospirales___f__Lachnospiraceae___g__Sellimonas	6	0	0	0	0	0	0	0	0	43	0	0	0	0	0	0	0	0	0	0	0	0	18	0	0	12	0	0	0	0
d__Bacteria___p__Firmicutes___c__Clostridia___o__Lachnospirales___f__Lachnospiraceae___g__Shuttleworthia	0	0	0	0	38	0	0	0	0	0	0	0	0	0	0	11	0	0	0	0	0	0	0	0	0	0	0	0	0	0
d__Bacteria___p__Firmicutes___c__Clostridia___o__Lachnospirales___f__Lachnospiraceae___g__Tuzzerella	0	0	596	11	0	61	11	0	0	0	0	0	0	0	0	0	0	0	0	0	94	0	5	0	495	0	0	0	0	0
d__Bacteria___p__Firmicutes___c__Clostridia___o__Lachnospirales___f__Lachnospiraceae___g__Tyzzerella	0	0	185	4	0	476	70	0	0	68	0	0	69	0	0	0	10	0	4	0	33	6	0	0	0	0	0	0	0	0
d__Bacteria___p__Firmicutes___c__Clostridia___o__Lachnospirales___f__Lachnospiraceae___g__UC5-1-2E3	0	0	8	0	0	0	0	0	0	0	0	0	0	0	0	0	0	0	0	0	0	0	0	0	0	0	0	0	0	0
d__Bacteria___p__Firmicutes___c__Clostridia___o__Monoglobales	17	11	36	45	197	290	87	172	349	0	13	0	114	12	156	45	30	187	20	72	81	169	218	17	8	0	25	0	76	110
d__Bacteria___p__Firmicutes___c__Clostridia___o__Monoglobales___f__Monoglobaceae	17	11	36	45	197	290	87	172	349	0	13	0	114	12	156	45	30	187	20	72	81	169	218	17	8	0	25	0	76	110
d__Bacteria___p__Firmicutes___c__Clostridia___o__Monoglobales___f__Monoglobaceae___g__Monoglobus	17	11	36	45	197	290	87	172	349	0	13	0	114	12	156	45	30	187	20	72	81	169	218	17	8	0	25	0	76	110
d__Bacteria___p__Firmicutes___c__Clostridia___o__Oscillospirales	735	5030	2361	5752	9242	2149	6872	1006	6546	1920	443	4904	4218	824	4504	2968	4358	3966	974	2786	3937	5381	540	3229	2253	1490	1086	3843	5279	3231
d__Bacteria___p__Firmicutes___c__Clostridia___o__Oscillospirales___f__Butyricicoccaceae	13	14	37	51	80	22	75	0	197	28	0	0	20	14	51	15	44	174	0	140	54	156	360	13	25	13	0	60	4	22
d__Bacteria___p__Firmicutes___c__Clostridia___o__Oscillospirales___f__Butyricicoccaceae___g__Butyricicoccus	0	14	37	51	80	22	75	0	187	20	0	0	20	14	51	15	25	174	0	140	54	156	360	13	18	13	0	60	4	22
d__Bacteria___p__Firmicutes___c__Clostridia___o__Oscillospirales___f__Butyricicoccaceae___g__UCG-009	13	0	0	0	0	0	0	0	10	8	0	0	0	0	0	0	19	0	0	0	0	0	0	0	7	0	0	0	0	0
d__Bacteria___p__Firmicutes___c__Clostridia___o__Oscillospirales___f__Ethanoligenenaceae	0	0	0	0	0	0	0	0	0	0	0	0	0	0	0	0	0	0	0	0	0	0	0	3	0	0	0	0	0	0
d__Bacteria___p__Firmicutes___c__Clostridia___o__Oscillospirales___f__Ethanoligenenaceae___g__Acetanaerobacterium	0	0	0	0	0	0	0	0	0	0	0	0	0	0	0	0	0	0	0	0	0	0	0	3	0	0	0	0	0	0
d__Bacteria___p__Firmicutes___c__Clostridia___o__Oscillospirales___f__Oscillospiraceae	146	1907	692	1352	1208	136	442	145	2901	392	134	1273	828	10	998	955	2515	764	319	272	487	103	24	632	1677	39	24	862	2121	726
d__Bacteria___p__Firmicutes___c__Clostridia___o__Oscillospirales___f__Oscillospiraceae___g__Colidextribacter	9	47	85	16	46	19	25	0	11	31	11	0	11	0	76	21	15	87	20	72	75	22	0	30	113	5	0	10	11	9
d__Bacteria___p__Firmicutes___c__Clostridia___o__Oscillospirales___f__Oscillospiraceae___g__Flavonifractor	15	0	185	15	15	13	18	13	11	151	4	11	12	6	18	0	36	0	8	27	20	0	0	0	8	9	0	44	0	0
d__Bacteria___p__Firmicutes___c__Clostridia___o__Oscillospirales___f__Oscillospiraceae___g__Intestinimonas	0	0	0	0	0	0	0	0	0	52	0	7	0	0	0	0	0	26	13	0	16	0	0	0	10	0	0	0	8	0
d__Bacteria___p__Firmicutes___c__Clostridia___o__Oscillospirales___f__Oscillospiraceae___g__NK4A214_group	0	238	0	144	48	0	135	0	14	0	0	196	44	0	540	44	136	61	120	5	74	10	0	183	17	9	0	0	93	16
d__Bacteria___p__Firmicutes___c__Clostridia___o__Oscillospirales___f__Oscillospiraceae___g__Oscillibacter	38	0	78	10	31	0	30	0	76	152	60	24	17	0	13	16	83	157	57	65	86	9	0	28	0	4	0	45	5	49
d__Bacteria___p__Firmicutes___c__Clostridia___o__Oscillospirales___f__Oscillospiraceae___g__Oscillospira	0	0	33	0	0	0	10	0	0	0	0	0	0	0	0	11	26	71	0	32	16	0	0	0	0	0	0	0	0	5
d__Bacteria___p__Firmicutes___c__Clostridia___o__Oscillospirales___f__Oscillospiraceae___g__Papillibacter	0	0	47	0	0	0	0	0	0	0	0	0	0	0	0	0	0	0	0	0	0	0	0	0	0	0	0	0	0	0
d__Bacteria___p__Firmicutes___c__Clostridia___o__Oscillospirales___f__Oscillospiraceae___g__Pseudoflavonifractor	0	0	0	0	0	0	0	0	0	0	0	0	0	0	0	0	0	0	0	0	0	0	0	0	0	0	0	0	8	0
d__Bacteria___p__Firmicutes___c__Clostridia___o__Oscillospirales___f__Oscillospiraceae___g__UCG-002	69	1285	0	834	878	0	121	70	2354	0	0	865	618	0	216	542	1505	51	0	0	106	35	0	248	1417	0	0	496	1337	517
d__Bacteria___p__Firmicutes___c__Clostridia___o__Oscillospirales___f__Oscillospiraceae___g__UCG-003	0	71	0	31	8	0	13	0	0	0	0	45	0	0	13	257	130	0	57	0	16	0	0	43	0	0	0	54	75	9
d__Bacteria___p__Firmicutes___c__Clostridia___o__Oscillospirales___f__Oscillospiraceae___g__UCG-005	12	222	84	220	34	0	33	10	317	0	0	101	86	0	81	52	581	285	38	63	53	6	0	85	68	0	0	167	557	46
d__Bacteria___p__Firmicutes___c__Clostridia___o__Oscillospirales___f__Ruminococcaceae	431	2859	1581	3395	7773	1991	6175	679	2940	1500	309	3114	3186	800	3455	1998	845	2896	655	1528	2304	4953	156	1944	429	1438	928	2448	1416	1813
d__Bacteria___p__Firmicutes___c__Clostridia___o__Oscillospirales___f__Ruminococcaceae___g__Anaerofilum	0	0	5	0	0	0	0	0	0	0	0	0	0	0	0	0	0	23	0	0	0	0	0	0	0	0	0	0	0	0
d__Bacteria___p__Firmicutes___c__Clostridia___o__Oscillospirales___f__Ruminococcaceae___g__Anaerotruncus	0	0	33	0	0	0	9	0	79	0	0	0	0	0	0	0	13	12	0	25	9	0	0	0	0	0	0	0	10	9
d__Bacteria___p__Firmicutes___c__Clostridia___o__Oscillospirales___f__Ruminococcaceae___g__Angelakisella	0	10	0	0	13	0	9	0	0	0	0	0	0	0	0	0	5	6	4	0	0	0	0	0	7	0	0	0	0	0
d__Bacteria___p__Firmicutes___c__Clostridia___o__Oscillospirales___f__Ruminococcaceae___g__CAG-352	0	0	0	0	0	0	0	0	0	0	0	249	0	0	0	0	0	79	0	281	0	0	0	0	0	0	0	0	0	0
d__Bacteria___p__Firmicutes___c__Clostridia___o__Oscillospirales___f__Ruminococcaceae___g__Candidatus_Soleaferrea	8	10	19	5	6	0	9	0	21	0	0	8	0	0	0	0	0	0	0	0	0	0	0	0	10	0	0	0	0	0
d__Bacteria___p__Firmicutes___c__Clostridia___o__Oscillospirales___f__Ruminococcaceae___g__Caproiciproducens	0	5	0	0	0	0	0	0	0	0	0	0	0	0	0	0	7	0	0	0	0	0	0	0	0	0	0	0	0	0
d__Bacteria___p__Firmicutes___c__Clostridia___o__Oscillospirales___f__Ruminococcaceae___g__DTU089	0	3	17	0	0	9	0	0	15	0	0	0	0	0	6	0	0	8	13	0	24	0	3	0	0	0	0	0	0	0
d__Bacteria___p__Firmicutes___c__Clostridia___o__Oscillospirales___f__Ruminococcaceae___g__Faecalibacterium	59	1813	306	971	3011	200	2637	471	982	84	175	193	1158	695	497	1355	111	831	150	883	820	2095	16	1091	143	10	112	1185	805	1307
d__Bacteria___p__Firmicutes___c__Clostridia___o__Oscillospirales___f__Ruminococcaceae___g__Fournierella	13	12	118	15	19	0	0	0	14	0	8	0	0	0	0	0	5	0	0	0	0	0	0	0	0	0	0	0	0	0
d__Bacteria___p__Firmicutes___c__Clostridia___o__Oscillospirales___f__Ruminococcaceae___g__Harryflintia	0	0	14	0	0	0	0	0	0	0	0	7	0	0	0	0	0	0	0	0	0	0	0	0	0	0	0	0	0	0
d__Bacteria___p__Firmicutes___c__Clostridia___o__Oscillospirales___f__Ruminococcaceae___g__Incertae_Sedis	18	177	203	81	170	122	101	16	109	34	6	41	59	87	2474	8	18	15	83	28	47	104	99	4	11	44	38	25	13	8
d__Bacteria___p__Firmicutes___c__Clostridia___o__Oscillospirales___f__Ruminococcaceae___g__Negativibacillus	0	23	168	0	80	315	56	0	32	0	5	0	0	0	13	0	0	41	0	0	78	7	0	0	13	7	0	7	0	0
d__Bacteria___p__Firmicutes___c__Clostridia___o__Oscillospirales___f__Ruminococcaceae___g__Paludicola	0	0	0	38	0	0	0	0	0	0	0	70	0	0	0	0	27	15	0	6	0	0	0	0	28	0	0	0	0	0
d__Bacteria___p__Firmicutes___c__Clostridia___o__Oscillospirales___f__Ruminococcaceae___g__Phocea	0	0	19	0	4	0	0	0	0	0	0	0	0	0	0	0	0	0	0	0	0	0	0	0	0	0	0	0	0	14
d__Bacteria___p__Firmicutes___c__Clostridia___o__Oscillospirales___f__Ruminococcaceae___g__Ruminococcus	110	266	0	1481	3673	1315	2873	5	577	180	0	2004	1120	0	0	501	95	530	169	223	1168	1598	17	389	101	0	725	183	466	230
d__Bacteria___p__Firmicutes___c__Clostridia___o__Oscillospirales___f__Ruminococcaceae___g__Subdoligranulum	95	430	609	782	774	0	447	187	1040	1157	94	138	803	18	437	96	200	1101	168	55	113	1145	0	434	72	1359	53	1020	91	212
d__Bacteria___p__Firmicutes___c__Clostridia___o__Oscillospirales___f__Ruminococcaceae___g__UBA1819	0	14	57	10	9	21	16	0	23	20	0	20	29	0	23	38	29	27	17	11	14	0	21	5	44	13	0	23	12	0
d__Bacteria___p__Firmicutes___c__Clostridia___o__Oscillospirales___f__UCG-010	5	7	0	3	0	0	10	0	0	0	0	475	0	0	0	0	140	3	0	0	0	0	0	0	79	0	0	0	0	0
d__Bacteria___p__Firmicutes___c__Clostridia___o__Peptococcales	6	3	9	3	0	0	0	0	0	0	0	3	0	0	0	0	22	18	0	0	5	0	0	0	5	0	0	0	48	12
d__Bacteria___p__Firmicutes___c__Clostridia___o__Peptococcales___f__Peptococcaceae	6	3	9	3	0	0	0	0	0	0	0	3	0	0	0	0	22	18	0	0	5	0	0	0	5	0	0	0	48	12
d__Bacteria___p__Firmicutes___c__Clostridia___o__Peptococcales___f__Peptococcaceae___g__Peptococcus	0	0	9	0	0	0	0	0	0	0	0	0	0	0	0	0	0	4	0	0	5	0	0	0	5	0	0	0	21	12
d__Bacteria___p__Firmicutes___c__Clostridia___o__Peptostreptococcales-Tissierellales	56	88	271	571	503	25	165	34	216	259	11	290	85	106	107	0	181	376	15	106	0	279	218	20	711	0	27	372	11	13
d__Bacteria___p__Firmicutes___c__Clostridia___o__Peptostreptococcales-Tissierellales___f__Anaerovoracaceae	10	70	271	181	91	0	156	34	86	32	11	28	42	0	0	0	66	24	12	0	0	20	0	0	137	0	27	77	11	7
d__Bacteria___p__Firmicutes___c__Clostridia___o__Peptostreptococcales-Tissierellales___f__Anaerovoracaceae___g__Family_XIII_AD3011_group	10	58	83	56	31	0	33	34	41	27	5	28	26	0	0	0	47	11	6	0	0	10	0	0	127	0	27	12	5	0
d__Bacteria___p__Firmicutes___c__Clostridia___o__Peptostreptococcales-Tissierellales___f__Anaerovoracaceae___g__Family_XIII_UCG-001	0	12	26	0	8	0	42	0	18	0	0	0	16	0	0	0	19	5	0	0	0	5	0	0	10	0	0	65	6	7
d__Bacteria___p__Firmicutes___c__Clostridia___o__Peptostreptococcales-Tissierellales___f__Anaerovoracaceae___g__Mogibacterium	0	0	0	118	0	0	81	0	0	0	0	0	0	0	0	0	0	0	0	0	0	0	0	0	0	0	0	0	0	0
d__Bacteria___p__Firmicutes___c__Clostridia___o__Peptostreptococcales-Tissierellales___f__Peptostreptococcaceae	46	18	0	390	412	25	9	0	130	227	0	262	43	106	107	0	115	352	3	106	0	259	216	20	52	0	0	295	0	6
d__Bacteria___p__Firmicutes___c__Clostridia___o__Peptostreptococcales-Tissierellales___f__Peptostreptococcaceae___g__Clostridioides	0	0	0	0	0	0	0	0	0	227	0	0	0	0	0	0	0	0	0	0	0	0	0	0	0	0	0	0	0	0
d__Bacteria___p__Firmicutes___c__Clostridia___o__Peptostreptococcales-Tissierellales___f__Peptostreptococcaceae___g__Intestinibacter	46	18	0	151	15	0	0	0	79	0	0	63	12	106	22	0	34	121	0	41	0	51	7	0	0	0	0	113	0	6
d__Bacteria___p__Firmicutes___c__Clostridia___o__Peptostreptococcales-Tissierellales___f__Peptostreptococcaceae___g__Romboutsia	0	0	0	195	397	25	0	0	0	0	0	199	31	0	85	0	14	197	3	65	0	208	12	20	6	0	0	182	0	0
d__Bacteria___p__Firmicutes___c__Clostridia___o__Peptostreptococcales-Tissierellales___f__Peptostreptococcaceae___g__Terrisporobacter	0	0	0	44	0	0	9	0	51	0	0	0	0	0	0	0	67	34	0	0	0	0	197	0	46	0	0	0	0	0
d__Bacteria___p__Firmicutes___c__Clostridia___o__Peptostreptococcales-Tissierellales___f__Peptostreptococcales-Tissierellales_fa	0	0	0	0	0	0	0	0	0	0	0	0	0	0	0	0	0	0	0	0	0	0	2	0	522	0	0	0	0	0
d__Bacteria___p__Firmicutes___c__Clostridia___o__Peptostreptococcales-Tissierellales___f__Peptostreptococcales-Tissierellales_fa___g__Ezakiella	0	0	0	0	0	0	0	0	0	0	0	0	0	0	0	0	0	0	0	0	0	0	0	0	9	0	0	0	0	0
d__Bacteria___p__Firmicutes___c__Clostridia___o__Peptostreptococcales-Tissierellales___f__Peptostreptococcales-Tissierellales_fa___g__Fenollaria	0	0	0	0	0	0	0	0	0	0	0	0	0	0	0	0	0	0	0	0	0	0	0	0	458	0	0	0	0	0
d__Bacteria___p__Firmicutes___c__Clostridia___o__Peptostreptococcales-Tissierellales___f__Peptostreptococcales-Tissierellales_fa___g__Finegoldia	0	0	0	0	0	0	0	0	0	0	0	0	0	0	0	0	0	0	0	0	0	0	2	0	0	0	0	0	0	0
d__Bacteria___p__Firmicutes___c__Clostridia___o__Peptostreptococcales-Tissierellales___f__Peptostreptococcales-Tissierellales_fa___g__Peptoniphilus	0	0	0	0	0	0	0	0	0	0	0	0	0	0	0	0	0	0	0	0	0	0	0	0	55	0	0	0	0	0
d__Bacteria___p__Firmicutes___c__Negativicutes	103	24	0	871	8	365	60	0	59	1502	2337	72	444	778	125	499	138	708	427	1588	1769	675	24	2274	121	3876	0	5187	374	1630
d__Bacteria___p__Firmicutes___c__Negativicutes___o__Acidaminococcales	103	24	0	0	8	0	26	0	59	1502	0	61	0	0	119	404	103	397	427	0	0	0	0	415	107	10	0	56	113	833
d__Bacteria___p__Firmicutes___c__Negativicutes___o__Acidaminococcales___f__Acidaminococcaceae	103	24	0	0	8	0	26	0	59	1502	0	61	0	0	119	404	103	397	427	0	0	0	0	415	107	10	0	56	113	833
d__Bacteria___p__Firmicutes___c__Negativicutes___o__Acidaminococcales___f__Acidaminococcaceae___g__Acidaminococcus	0	0	0	0	0	0	0	0	0	1502	0	0	0	0	0	209	0	0	0	0	0	0	0	415	78	10	0	0	0	819
d__Bacteria___p__Firmicutes___c__Negativicutes___o__Acidaminococcales___f__Acidaminococcaceae___g__Phascolarctobacterium	103	24	0	0	8	0	26	0	59	0	0	61	0	0	119	195	103	397	427	0	0	0	0	0	29	0	0	56	113	14
d__Bacteria___p__Firmicutes___c__Negativicutes___o__Veillonellales-Selenomonadales	0	0	0	871	0	365	34	0	0	0	2337	11	444	778	6	95	35	311	0	1588	1769	675	24	1859	14	3866	0	5131	261	797
d__Bacteria___p__Firmicutes___c__Negativicutes___o__Veillonellales-Selenomonadales___f__Selenomonadaceae	0	0	0	0	0	0	0	0	0	0	0	0	0	0	0	0	0	0	0	0	0	146	0	0	0	12	0	79	0	11
d__Bacteria___p__Firmicutes___c__Negativicutes___o__Veillonellales-Selenomonadales___f__Selenomonadaceae___g__Megamonas	0	0	0	0	0	0	0	0	0	0	0	0	0	0	0	0	0	0	0	0	0	146	0	0	0	0	0	54	0	0
d__Bacteria___p__Firmicutes___c__Negativicutes___o__Veillonellales-Selenomonadales___f__Selenomonadaceae___g__Mitsuokella	0	0	0	0	0	0	0	0	0	0	0	0	0	0	0	0	0	0	0	0	0	0	0	0	0	12	0	25	0	11
d__Bacteria___p__Firmicutes___c__Negativicutes___o__Veillonellales-Selenomonadales___f__Veillonellaceae	0	0	0	871	0	365	34	0	0	0	2337	11	444	778	6	95	35	311	0	1588	1769	529	24	1859	14	3854	0	5052	261	786
d__Bacteria___p__Firmicutes___c__Negativicutes___o__Veillonellales-Selenomonadales___f__Veillonellaceae___g__Allisonella	0	0	0	0	0	0	0	0	0	0	0	0	0	0	0	13	31	0	0	0	0	0	0	16	0	406	0	35	0	0
d__Bacteria___p__Firmicutes___c__Negativicutes___o__Veillonellales-Selenomonadales___f__Veillonellaceae___g__Anaeroglobus	0	0	0	0	0	0	0	0	0	0	0	0	0	467	0	0	0	0	0	0	0	0	0	0	0	0	0	0	0	0
d__Bacteria___p__Firmicutes___c__Negativicutes___o__Veillonellales-Selenomonadales___f__Veillonellaceae___g__Dialister	0	0	0	871	0	365	32	0	0	0	2337	11	444	122	0	0	0	202	0	1506	1769	136	0	1372	12	3448	0	5006	147	221
d__Bacteria___p__Firmicutes___c__Negativicutes___o__Veillonellales-Selenomonadales___f__Veillonellaceae___g__Megasphaera	0	0	0	0	0	0	0	0	0	0	0	0	0	0	0	68	0	0	0	0	0	393	0	445	0	0	0	0	0	398
d__Bacteria___p__Firmicutes___c__Negativicutes___o__Veillonellales-Selenomonadales___f__Veillonellaceae___g__Negativicoccus	0	0	0	0	0	0	0	0	0	0	0	0	0	0	0	0	0	0	0	0	0	0	0	0	2	0	0	0	0	0
d__Bacteria___p__Firmicutes___c__Negativicutes___o__Veillonellales-Selenomonadales___f__Veillonellaceae___g__Veillonella	0	0	0	0	0	0	2	0	0	0	0	0	0	189	6	14	4	109	0	82	0	0	24	26	0	0	0	11	114	167
d__Bacteria___p__Fusobacteriota	0	0	0	0	0	0	12	0	0	0	0	0	0	753	0	0	0	0	0	0	0	0	10	0	0	0	0	5	0	0
d__Bacteria___p__Fusobacteriota___c__Fusobacteriia	0	0	0	0	0	0	12	0	0	0	0	0	0	753	0	0	0	0	0	0	0	0	10	0	0	0	0	5	0	0
d__Bacteria___p__Fusobacteriota___c__Fusobacteriia___o__Fusobacteriales	0	0	0	0	0	0	12	0	0	0	0	0	0	753	0	0	0	0	0	0	0	0	10	0	0	0	0	5	0	0
d__Bacteria___p__Fusobacteriota___c__Fusobacteriia___o__Fusobacteriales___f__Fusobacteriaceae	0	0	0	0	0	0	12	0	0	0	0	0	0	753	0	0	0	0	0	0	0	0	10	0	0	0	0	5	0	0
d__Bacteria___p__Fusobacteriota___c__Fusobacteriia___o__Fusobacteriales___f__Fusobacteriaceae___g__Fusobacterium	0	0	0	0	0	0	12	0	0	0	0	0	0	753	0	0	0	0	0	0	0	0	10	0	0	0	0	5	0	0
d__Bacteria___p__Proteobacteria	244	148	146	27	21	18	188	106	169	1133	170	54	5	702	15	1402	182	674	655	221	0	29	2	521	2058	1031	0	355	782	4301
d__Bacteria___p__Proteobacteria___c__Alphaproteobacteria	0	0	0	0	0	0	0	0	7	246	0	27	0	0	0	0	9	0	0	0	0	0	0	0	0	0	0	6	0	0
d__Bacteria___p__Proteobacteria___c__Alphaproteobacteria___o__Rhodospirillales	0	0	0	0	0	0	0	0	7	246	0	19	0	0	0	0	9	0	0	0	0	0	0	0	0	0	0	0	0	0
d__Bacteria___p__Proteobacteria___c__Alphaproteobacteria___o__Rickettsiales	0	0	0	0	0	0	0	0	0	0	0	0	0	0	0	0	0	0	0	0	0	0	0	0	0	0	0	6	0	0
d__Bacteria___p__Proteobacteria___c__Alphaproteobacteria___o__Rickettsiales___f__Mitochondria	0	0	0	0	0	0	0	0	0	0	0	0	0	0	0	0	0	0	0	0	0	0	0	0	0	0	0	6	0	0
d__Bacteria___p__Proteobacteria___c__Gammaproteobacteria	244	148	146	27	21	18	188	106	162	887	170	27	5	702	15	1402	173	674	655	221	0	29	2	521	2058	1031	0	349	782	4301
d__Bacteria___p__Proteobacteria___c__Gammaproteobacteria___o__Aeromonadales	0	0	112	2	0	0	0	0	0	0	0	0	0	0	0	0	0	0	0	0	0	0	0	12	0	0	0	182	0	0
d__Bacteria___p__Proteobacteria___c__Gammaproteobacteria___o__Aeromonadales___f__Succinivibrionaceae	0	0	112	2	0	0	0	0	0	0	0	0	0	0	0	0	0	0	0	0	0	0	0	12	0	0	0	182	0	0
d__Bacteria___p__Proteobacteria___c__Gammaproteobacteria___o__Aeromonadales___f__Succinivibrionaceae___g__Succinivibrio	0	0	0	0	0	0	0	0	0	0	0	0	0	0	0	0	0	0	0	0	0	0	0	0	0	0	0	182	0	0
d__Bacteria___p__Proteobacteria___c__Gammaproteobacteria___o__Burkholderiales	126	35	13	2	4	18	188	27	135	850	170	21	0	105	15	1372	155	620	655	157	0	22	0	418	93	17	0	0	670	1264
d__Bacteria___p__Proteobacteria___c__Gammaproteobacteria___o__Burkholderiales___f__Comamonadaceae	0	0	0	0	0	0	0	0	0	0	0	0	0	0	0	0	0	0	0	0	0	0	0	0	0	0	0	0	447	0
d__Bacteria___p__Proteobacteria___c__Gammaproteobacteria___o__Burkholderiales___f__Oxalobacteraceae	0	0	0	0	0	0	0	0	0	0	0	0	0	0	0	0	37	0	0	0	0	0	0	0	0	0	0	0	0	0
d__Bacteria___p__Proteobacteria___c__Gammaproteobacteria___o__Burkholderiales___f__Oxalobacteraceae___g__Oxalobacter	0	0	0	0	0	0	0	0	0	0	0	0	0	0	0	0	37	0	0	0	0	0	0	0	0	0	0	0	0	0
d__Bacteria___p__Proteobacteria___c__Gammaproteobacteria___o__Burkholderiales___f__Sutterellaceae	126	35	13	2	4	18	188	27	135	850	170	21	0	105	15	1372	118	620	655	157	0	22	0	418	93	17	0	0	223	1264
d__Bacteria___p__Proteobacteria___c__Gammaproteobacteria___o__Burkholderiales___f__Sutterellaceae___g__Parasutterella	126	35	0	0	4	18	188	27	125	850	170	21	0	105	9	55	47	620	655	0	0	22	0	3	10	12	0	0	223	1093
d__Bacteria___p__Proteobacteria___c__Gammaproteobacteria___o__Burkholderiales___f__Sutterellaceae___g__Sutterella	0	0	13	2	0	0	0	0	10	0	0	0	0	0	6	1317	71	0	0	157	0	0	0	415	83	5	0	0	0	171
d__Bacteria___p__Proteobacteria___c__Gammaproteobacteria___o__Enterobacterales	112	111	21	23	17	0	0	64	27	37	0	6	5	597	0	0	12	0	0	0	0	7	0	13	1965	1006	0	27	49	52
d__Bacteria___p__Proteobacteria___c__Gammaproteobacteria___o__Enterobacterales___f__Enterobacteriaceae	112	111	21	23	17	0	0	64	27	37	0	6	5	597	0	0	12	0	0	0	0	7	0	13	1965	1006	0	27	49	52
d__Bacteria___p__Proteobacteria___c__Gammaproteobacteria___o__Enterobacterales___f__Enterobacteriaceae___g__Citrobacter	112	0	0	0	0	0	0	0	0	0	0	0	0	0	0	0	0	0	0	0	0	0	0	13	0	0	0	0	0	0
d__Bacteria___p__Proteobacteria___c__Gammaproteobacteria___o__Enterobacterales___f__Enterobacteriaceae___g__Escherichia/Shigella	0	111	21	23	17	0	0	64	27	37	0	6	5	490	0	0	12	0	0	0	0	7	0	0	1965	1006	0	0	49	36
d__Bacteria___p__Proteobacteria___c__Gammaproteobacteria___o__Enterobacterales___f__Enterobacteriaceae___g__Klebsiella	0	0	0	0	0	0	0	0	0	0	0	0	0	107	0	0	0	0	0	0	0	0	0	0	0	0	0	27	0	16
d__Bacteria___p__Proteobacteria___c__Gammaproteobacteria___o__Pasteurellales	6	2	0	0	0	0	0	15	0	0	0	0	0	0	0	30	3	54	0	64	0	0	2	78	0	3	0	140	63	2980
d__Bacteria___p__Proteobacteria___c__Gammaproteobacteria___o__Pasteurellales___f__Pasteurellaceae	6	2	0	0	0	0	0	15	0	0	0	0	0	0	0	30	3	54	0	64	0	0	2	78	0	3	0	140	63	2980
d__Bacteria___p__Proteobacteria___c__Gammaproteobacteria___o__Pasteurellales___f__Pasteurellaceae___g__Haemophilus	6	2	0	0	0	0	0	15	0	0	0	0	0	0	0	30	3	54	0	64	0	0	2	78	0	3	0	140	63	2980
d__Bacteria___p__Proteobacteria___c__Gammaproteobacteria___o__Pseudomonadales	0	0	0	0	0	0	0	0	0	0	0	0	0	0	0	0	3	0	0	0	0	0	0	0	0	5	0	0	0	5
d__Bacteria___p__Proteobacteria___c__Gammaproteobacteria___o__Pseudomonadales___f__Pseudomonadaceae	0	0	0	0	0	0	0	0	0	0	0	0	0	0	0	0	3	0	0	0	0	0	0	0	0	5	0	0	0	5
d__Bacteria___p__Proteobacteria___c__Gammaproteobacteria___o__Pseudomonadales___f__Pseudomonadaceae___g__Pseudomonas	0	0	0	0	0	0	0	0	0	0	0	0	0	0	0	0	3	0	0	0	0	0	0	0	0	5	0	0	0	5
d__Bacteria___p__Synergistota	0	0	0	0	0	0	0	0	0	0	0	12	0	0	0	0	0	0	0	0	0	0	0	0	0	0	0	0	0	8
d__Bacteria___p__Synergistota___c__Synergistia	0	0	0	0	0	0	0	0	0	0	0	12	0	0	0	0	0	0	0	0	0	0	0	0	0	0	0	0	0	8
d__Bacteria___p__Synergistota___c__Synergistia___o__Synergistales	0	0	0	0	0	0	0	0	0	0	0	12	0	0	0	0	0	0	0	0	0	0	0	0	0	0	0	0	0	8
d__Bacteria___p__Synergistota___c__Synergistia___o__Synergistales___f__Synergistaceae	0	0	0	0	0	0	0	0	0	0	0	12	0	0	0	0	0	0	0	0	0	0	0	0	0	0	0	0	0	8
d__Bacteria___p__Synergistota___c__Synergistia___o__Synergistales___f__Synergistaceae___g__Pyramidobacter	0	0	0	0	0	0	0	0	0	0	0	0	0	0	0	0	0	0	0	0	0	0	0	0	0	0	0	0	0	8
d__Bacteria___p__Synergistota___c__Synergistia___o__Synergistales___f__Synergistaceae___g__Synergistes	0	0	0	0	0	0	0	0	0	0	0	12	0	0	0	0	0	0	0	0	0	0	0	0	0	0	0	0	0	0
d__Bacteria___p__Verrucomicrobiota	0	44	180	22	10	0	0	319	142	0	0	74	122	0	3	40	144	48	65	8	2	0	0	9	95	0	51	0	0	3
d__Bacteria___p__Verrucomicrobiota___c__Lentisphaeria	0	10	0	0	0	0	0	0	0	0	0	0	0	0	0	0	0	0	0	8	0	0	0	9	95	0	0	0	0	0
d__Bacteria___p__Verrucomicrobiota___c__Lentisphaeria___o__Victivallales	0	10	0	0	0	0	0	0	0	0	0	0	0	0	0	0	0	0	0	8	0	0	0	9	95	0	0	0	0	0
d__Bacteria___p__Verrucomicrobiota___c__Lentisphaeria___o__Victivallales___f__Victivallaceae	0	10	0	0	0	0	0	0	0	0	0	0	0	0	0	0	0	0	0	8	0	0	0	9	29	0	0	0	0	0
d__Bacteria___p__Verrucomicrobiota___c__Lentisphaeria___o__Victivallales___f__Victivallaceae___g__Victivallis	0	10	0	0	0	0	0	0	0	0	0	0	0	0	0	0	0	0	0	8	0	0	0	9	29	0	0	0	0	0
d__Bacteria___p__Verrucomicrobiota___c__Lentisphaeria___o__Victivallales___f__vadinBE97	0	0	0	0	0	0	0	0	0	0	0	0	0	0	0	0	0	0	0	0	0	0	0	0	66	0	0	0	0	0
d__Bacteria___p__Verrucomicrobiota___c__Verrucomicrobiae	0	34	180	22	10	0	0	319	142	0	0	74	122	0	3	40	144	48	65	0	2	0	0	0	0	0	51	0	0	3
d__Bacteria___p__Verrucomicrobiota___c__Verrucomicrobiae___o__Opitutales	0	0	0	0	0	0	0	0	0	0	0	9	0	0	0	0	0	0	0	0	0	0	0	0	0	0	0	0	0	0
d__Bacteria___p__Verrucomicrobiota___c__Verrucomicrobiae___o__Opitutales___f__Puniceicoccaceae	0	0	0	0	0	0	0	0	0	0	0	9	0	0	0	0	0	0	0	0	0	0	0	0	0	0	0	0	0	0
d__Bacteria___p__Verrucomicrobiota___c__Verrucomicrobiae___o__Verrucomicrobiales	0	34	180	22	10	0	0	319	142	0	0	65	122	0	3	40	144	48	65	0	2	0	0	0	0	0	51	0	0	3
d__Bacteria___p__Verrucomicrobiota___c__Verrucomicrobiae___o__Verrucomicrobiales___f__Akkermansiaceae	0	34	180	22	10	0	0	319	142	0	0	65	122	0	3	40	144	48	65	0	2	0	0	0	0	0	51	0	0	3
d__Bacteria___p__Verrucomicrobiota___c__Verrucomicrobiae___o__Verrucomicrobiales___f__Akkermansiaceae___g__Akkermansia	0	34	180	22	10	0	0	319	142	0	0	65	122	0	3	40	144	48	65	0	2	0	0	0	0	0	51	0	0	3
